{"2019-2020": {"01003": "Advanced Engineering Mathematics 1", "01005": "Advanced Engineering Mathematics 1", "01006": "Advanced Engineering Mathematics 1", "01015": "Advanced Engineering Mathematics 1", "01016": "Advanced Engineering Mathematics 1", "01017": "Discrete Mathematics", "01018": "Discrete mathematics 2: algebra", "01019": "Discrete Mathematics", "01025": "Advanced Mathematics 2 for Mathematics and Technology", "01034": "Advanced Engineering Mathematics 2", "01035": "Advanced Engineering Mathematics 2", "01036": "Mathematical Methods in Structural Engineering", "01037": "Advanced Engineering Mathematics 2 (Summer University)", "01125": "Fundamental topological concepts and metric spaces", "01227": "Graph Theory", "01237": "Differential geometry and parametric design", "01238": "Differential Geometry", "01257": "Advanced Modelling - Applied Mathematics", "01325": "Mathematics 4 Real Analysis", "01405": "Algebraic Coding Theory", "01410": "Cryptology 1", "01415": "Computational Discrete Mathematics", "01418": "Introduction to Partial Differential Equations", "01426": "Cryptology 2", "01427": "Advanced topics in cryptology", "01527": "Graph Theory II", "01604": "Population and disease spread modelling", "01606": "Dynamic Biological Modelling", "01617": "Introduction to Dynamical Systems", "01621": "Advanced Dynamical Systems: Global Theory", "01622": "Advanced Dynamical Systems: Applications in Science and Engineering", "01666": "Project work - Bachelor of Mathematics and Technology", "01715": "Functional Analysis", "01716": "Advanced Topics in Applied Functional Analysis", "01901": "Calculus and algebra 1", "01904": "Discrete mathematics", "01920": "Calculus and Algebra 2", "02101": "Introductory Programming", "02102": "Introductory Programming", "02105": "Algorithms and Data Structures 1", "02110": "Algorithms and Data Structures 2", "02121": "Introduction to Software Technology", "02122": "Software Technology Project", "02128": "Software Project", "02132": "Computer Systems", "02135": "Introduction to Cyber Systems", "02138": "Digital Electronics 1", "02139": "Digital Electronics 2", "02141": "Computer Science Modelling", "02148": "Introduction to Coordination in Distributed Applications", "02155": "Computer Architecture and Engineering", "02156": "Logical Systems and Logic Programming", "02157": "Functional Programming", "02158": "Concurrent Programming", "02159": "Operating Systems", "02160": "Agile Object-oriented Software Development", "02161": "Software Engineering 1", "02162": "Software Engineering 2", "02170": "Database Systems", "02180": "Introduction to Artificial Intelligence", "02182": "Symbolic Artificial Intelligence", "02191": "Computer Security Forensics", "02192": "Computer Security Incident Response", "02193": "Ethical Hacking", "02203": "Design of Digital Systems", "02204": "Design of Asynchronous Circuits", "02205": "VLSI Design", "02209": "Test of Digital Systems", "02211": "Advanced Computer Architecture", "02213": "Digital Systems Laboratory", "02217": "Design of Arithmetic Processors", "02220": "Distributed Systems", "02223": "Model-Based Systems Engineering", "02224": "Modelling and Analysis of Real-Time Systems", "02229": "Systems Optimization", "02232": "Applied Cryptography", "02233": "Network Security", "02234": "Current Topics in System Security", "02238": "Biometric Systems", "02239": "Data Security", "02242": "Program Analysis", "02244": "Language Based Security", "02246": "Model Checking", "02247": "Compiler Construction", "02249": "Computationally Hard Problems", "02255": "Practical Cryptology", "02256": "Automated Reasoning", "02257": "Applied Functional Programming", "02258": "Parallel Computer Systems", "02261": "Software Startup Studio", "02263": "Formal Aspects of Software Engineering", "02266": "User Experience Engineering", "02267": "Software Development of Web Services", "02268": "Process-oriented and Event-driven Software Systems", "02269": "Process Mining", "02282": "Algorithms for Massive Data Sets", "02285": "Artificial Intelligence and Multi-Agent Systems", "02287": "Logical Theories for Uncertainty and Learning", "02289": "Algorithmic Techniques for Modern Data Models", "02291": "System Integration", "02312": "Introductory Programming", "02313": "Development Methods for IT Systems", "02314": "Introductory Programming", "02315": "Version control and test methods", "02318": "Elementary Programming for Diplom-E", "02320": "Digital Systems", "02321": "Hardware/Software Programming", "02322": "Machine oriented programming", "02323": "Introduction to Statistics", "02324": "Advanced Programming", "02326": "Algorithms and Data Structures", "02327": "Introductory Databases and Database Programming", "02332": "Compiler Construction", "02346": "Distributed and Parallel Systems", "02362": "Project in Software Development", "02363": "Front End Web Technology", "02369": "Software Processes and Patterns", "02393": "Programming in C++", "02402": "Introduction to Statistics", "02403": "Introduction to Mathematical Statistics", "02405": "Probability theory", "02407": "Stochastic Processes - Probability 2", "02409": "Multivariate Statistics", "02411": "Statistical Design and Analysis of Experiments", "02413": "Statistical Quality Control", "02417": "Time Series Analysis", "02418": "Statistical modelling: Theory and practice", "02421": "Stochastic Adaptive Control", "02424": "Advanced Dataanalysis and Statistical Modelling", "02425": "Diffusions and stochastic differential equations", "02427": "Advanced Time Series Analysis", "02429": "Analysis of correlated data: Mixed linear models", "02431": "Risk Management", "02435": "Decision-Making Under Uncertainty", "02441": "Applied Statistics and Statistical Software", "02443": "Stochastic Simulation", "02445": "Project in Statistical Evaluation of Artificial Intelligence", "02450": "Introduction to Machine Learning and Data Mining", "02454": "Introduction to Cognitive Science", "02455": "Experiment in Cognitive Science", "02456": "Deep learning", "02457": "Non-Linear Signal Processing", "02458": "Cognitive Modelling", "02460": "Advanced Machine Learning", "02461": "Introduction to Intelligent Systems", "02462": "Signals and data", "02463": "Active machine learning and agency.", "02464": "Artificial Intelligence and Human Cognition", "02465": "Introduction to reinforcement learning and control", "02466": "Project work - Bachelor of Artificial Intelligence and Data", "02467": "Computational Social Science", "02471": "Machine learning for signal processing", "02492": "Digital Learning Technology and Entrepreneurship", "02502": "Image analysis", "02504": "Computer Vision", "02506": "Advanced Image Analysis", "02507": "Project work within Image Analysis and Computer Graphics", "02508": "Extended Introductory Statistics", "02512": "Introduction to Medical Image Analysis", "02514": "Deep Learning in Computer Vision", "02525": "Introduction to Mathematics and Technology", "02526": "Mathematical Modeling", "02561": "Computer Graphics", "02562": "Rendering - Introduction", "02564": "Real-Time Graphics", "02580": "Geometric Data Analysis and Processing", "02582": "Computational Data Analysis", "02586": "Statistical Genetics", "02590": "Quantitative Genomics and Computational Systems Biology", "02601": "Introduction to Numerical Algorithms", "02609": "Programming", "02610": "Optimization and Data Fitting", "02612": "Constrained Optimization", "02614": "High-Performance Computing", "02616": "Large-scale Modelling", "02619": "Model Predictive Control", "02623": "The Finite Element Method for Partial Differential Equations", "02624": "Introduction to Inverse Problems", "02625": "Computational Science in Imaging", "02631": "Introduction to programming and data processing", "02632": "Introduction to programming and data processing", "02633": "Introduction to programming and data processing", "02634": "Programming and data processing (second programming language)", "02635": "Mathematical software programming", "02686": "Scientific Computing for differential equations 1", "02687": "Scientific Computing for differential equations 2", "02689": "Advanced Numerical Methods for Differential Equations", "02692": "Introduction to programming and data processing", "02805": "Social graphs and interactions", "02806": "Social data analysis and visualization", "02807": "Computational Tools for Data Science", "02808": "Personal Data Interaction for Mobile and Wearables", "02809": "UX Design Prototyping", "02823": "Introduction to Computer Game Prototyping", "02826": "Sound Design for Digital Media", "02830": "Advanced Project in Digital Media Engineering", "02840": "Computer Game Programming Fundamentals (DADIU)", "02841": "Computer Game Programming in a Production (DADIU)", "02901": "Advanced Topics in Machine Learning", "02904": "Advanced System Identification", "02910": "Computational data analysis", "02913": "Advanced Analysis Techniques", "02923": "Computational Uncertainty Quantification for Inverse Problems", "02935": "Introduction to applied statistics and R for PhD students", "02936": "Bayesian Data Analysis", "02940": "Modern Methods in industrial Mathematics", "02941": "Physically Based Rendering and Material Appearance Modelling", "02946": "Scientific Computing for X-Ray Computed Tomography", "02947": "PDE constrained optimization", "02949": "DTU Compute PhD Seminar", "02952": "Communicate your research with video", "02953": "Convex optimization", "02955": "Pseudodifferential operators for boundary value problems", "02960": "Time Series Analysis - with a focus on Modelling and Forecasting in Energy Systems", "02962": "Bayesian Scientific Computing", "02964": "Software Development - with a focus on Continuous Integration and Continuous Deployment", "02966": "Inverse Problems", "10018": "Physics 1", "10020": "Physics 1", "10022": "Physics 1", "10024": "Physics 1", "10031": "Introduction to Physics and Nanotechnology", "10033": "Mechanics and Physical Modeling", "10034": "Thermodynamics and statistical physics", "10036": "Electromagnetism for physicists", "10041": "Physics 2 - General Engineering", "10050": "Model Physics", "10052": "Basic Physics and Chemistry", "10054": "Model Physics", "10102": "Quantum Mechanics", "10103": "Quantum Mechanics revision", "10104": "Introduction to Quantum Mechanics", "10112": "Advanced Quantum Mechanics", "10122": "Statistical Physics", "10200": "The structure and dynamics of materials studied with X-rays and neutrons", "10209": "X-ray and Neutron Experiments at International Research Facilities", "10220": "Physics of soft materials", "10240": "Design-Build 2: Rational catalyst design for H2O2", "10250": "Transmission Electron microscopy for the characterization of advanced materials", "10260": "Physics of solar energy and energy storage", "10302": "Electronic Structure Methods in Material Physics, Chemistry and Biology", "10303": "Condensed Matter Physics and Nanoscale Materials Physics", "10304": "Experimental Surface Physics", "10305": "Advanced Solid State Physics", "10306": "Concepts and modeling of two-dimensional materials", "10314": "Magnetism and Magnetic Materials", "10315": "Magnetism and Magnetic Materials - with project", "10316": "Materials design with machine learning and artificial intelligence", "10321": "Nano-2: Nanosystems engineering", "10323": "Quantum transport theory", "10325": "Quantum mechanical modelling of nanoelectronics", "10327": "Electrical characterization of nanomaterials", "10331": "Experimental introduction to physics of sustainable energy", "10333": "Physics of Sustainable Energy", "10337": "Theoretical microfluidics", "10346": "Continuum Physics", "10347": "Introduction to Biophysics", "10350": "Numerical studies in physics", "10380": "Quantum Optics", "10384": "Quantum information", "10386": "Experimental Techniques in Quantum Technology", "10400": "Plasma Physics", "10401": "Fusion energy and fusion plasma physics", "10402": "Fusion energy engineering and physics", "10405": "Theory of Relativity", "10420": "Physics of Sports", "10467": "Experimental Methods and Instrumentation in Physics", "10501": "Modern Physics", "10506": "Journal club on nanostructures and reactivity", "10507": "Surface Physics and Catalysis", "10508": "Electronic structure journal club", "10512": "Journal club in Quantum Optics", "10514": "Summer School Complex Motion in Fluids", "10520": "Journal club on plasma physics and fusion energy", "10521": "Nano 3 - Topics in Graphene and other two-dimensional materials", "10530": "SURFCAT Summer School: The Science of Sustainable Fuels and Chemicals", "10540": "CAMD Summer School on Electronic Structure Theory and Materials Design 2020", "10550": "QuantumDTU Summer School on Quantum Technology", "10603": "How Did Edison and Bohr Know - and How do You? A Course About the Creation and Circulation of Knowledge", "10605": "History of Technology", "10610": "History of Technology", "10720": "Research Immersion BSc (June) - Department of Physics", "10721": "Research Immersion BSc (July) - Department of Physics", "10722": "Research Immersion BSc (August) - Department of Physics", "10730": "Research Immersion MSc (June) - Department of Physics", "10731": "Research Immersion MSc (July) - Department of Physics", "10732": "Research Immersion MSc (August) - Department of Physics", "10814": "Computational radiation dosimetry", "10816": "Assessment of long-term radiological risks from environmental releases: modelling and measurements", "10850": "Semiconductor technology", "10853": "Nano-1: Introduction to nanotechnology", "10856": "LabChip: Physics of Lab-on-chip systems", "10859": "Laboratory work in physics and nanotechnology", "10862": "Polymer micro fabrication", "10868": "Methods in micro and nano fabrication", "10900": "Physics 1 revision", "10910": "Physics 1 revision", "10916": "Physics 1", "10935": "Physics 1", "11000": "Engineering work", "11010": "Building technology", "11020": "Building Fire Safety", "11022": "Fire dynamics", "11023": "Structural Fire Safety Design", "11031": "Building Information Modeling (BIM)", "11034": "Advanced Building Information Modeling (BIM)", "11035": "Advanced BIM for architectural engineering", "11050": "Super-light structures", "11080": "Advanced Building Design", "11108": "Building Integrated Photovoltaics", "11110": "Thermal Building Physics", "11112": "Technical Building Services", "11115": "Building energy and technical services - Integrated design", "11116": "Sustainable Buildings", "11117": "Solar Heating Systems", "11121": "Thermal Building Physics", "11122": "Heat and mass transfer in buildings", "11124": "Computational Fluid Dynamics for Buildings", "11127": "Sustainable heating and cooling of buildings", "11128": "Development of solar energy systems", "11129": "Sustainable District Heating", "11140": "Energy and indoor environment", "11141": "Energy and indoor environment", "11142": "Daylight and lighting", "11203": "Introduction to Indoor Environment", "11221": "Ventilation and Climatic Systems", "11222": "Indoor Climate", "11300": "E-course in Random Vibrations", "11305": "Computational Structural Modelling 1: The Finite Element Method", "11311": "Concrete Structures", "11318": "Steel Structures", "11319": "Welding", "11320": "Structural Analysis of buildings", "11331": "Experimental Structural Mechanics", "11332": "Introduction to Experimental Mechanics", "11341": "Structural engineering 1", "11342": "Structural engineering 2", "11343": "Structural engineering 3: Frame and Plate Structures", "11346": "Computational Structural Modelling 2: Non-linear Finite Element Method", "11347": "Computational structural modelling 3: Plasticity", "11351": "Advanced Concrete Structures", "11352": "Advanced Steel Structures", "11353": "Wood Structures", "11365": "Glass and Glass Structures", "11374": "Seismic and Wind Engineering", "11375": "Bridge Structures", "11376": "Probabilistic Modelling in Civil Engineering", "11404": "Railway Design and Maintenance", "11411": "Basic Soil Mechanics", "11412": "Geotechnical engineering and civil engineering structures", "11418": "Rock Physics and Rock Mechanics", "11420": "Mineral resources", "11430": "Advanced engineering geology: soil and porous rocks", "11440": "Petroleum Engineering", "11441": "borehole geophysics", "11442": "Basic Drilling Engineering", "11443": "Petrophysical Engineering - Laboratory course", "11450": "Basic Course in Road Pavements", "11451": "Pavement mechanics", "11462": "Engineering Geology \u2013 an introductory course", "11463": "Basic Geotechnical Engineering", "11464": "Advanced Soil Mechanics", "11465": "Advanced Geotechnical Engineering", "11466": "Advanced Rock Mechanics and Tunnelling", "11467": "Constitutive models and plasticity in soil mechanics", "11522": "Simulation of indoor environment and energy consumption using IDA ICE", "11526": "Interdisciplinary Design Project", "11561": "Construction Materials - use and testing", "11562": "Materials Science for Civil Engineers", "11563": "Concrete Technology", "11569": "Durability and repair of concrete structures", "11619": "Chalk Physics", "11621": "How to write a scientific paper", "11627": "Numerical Methods for Building Energy Technology", "11691": "Project work  - Bachelor in Building Technology", "11764": "Ventilation and Indoor Climate", "11767": "Statistical analysis in experimental material science", "11821": "Site Investigations", "11823": "Building Design 1", "11825": "Building design 2", "11829": "Plan and Development", "11831": "Construction", "11832": "Engineering in Greenland", "11833": "Project Management in a Multicultural Greenlandic Context", "11834": "Matematical Methods in Physics", "11835": "Building design 3", "11836": "Environmental Engineering", "11853": "Sustainable building in extreme environments", "11854": "Infrastructure Constructions in the Arctic", "11857": "Extreme Climate and Physical Nature", "11858": "The Arctic Infrastructure and Society", "11859": "Environmental Engineering in the Arctic", "11880": "Peer-review of scientific manuscripts", "11900": "Building component design", "11909": "Building Design Project 1:1", "11911": "Structural Elements and their Function", "11936": "Basic Building Design with Regard to Indoor Environment, Services and Energy 1", "11937": "Basic Building Design with Regard to Indoor Environment, Services and Energy 1", "11946": "Material science", "11951": "BIM and visual communication", "11952": "Building Information Modeling (BIM)", "11953": "Theory and Practice of Architectural Engineering 1", "11954": "Construction and Building Design", "11955": "Urban context & large scale structures", "11956": "Context of Architectural Engineering", "11957": "Sustainable building design", "11961": "Structural Theories and Design", "11968": "Optimization, resources and environment", "11990": "Ingeneering work", "11993": "Technology and Architecture", "11994": "Engineering in Urban Design", "11995": "Design - theory and methods", "11996": "Project work - Architectural Engineering", "11997": "Sustainability and Life Cycle Assessment", "11B01": "Structural Fire Safety Design", "11B02": "Industrial Fires", "11B04": "Fire Chemistry", "11B05": "Fire Risk Management", "11B12": "CAD Fire", "11B13": "Performance based design", "11B24": "Building Fire Technology", "11B25": "Fire Dynamics", "11B27": "Fire Safety of Complex buildings", "11MIB": "Fire engineering project task", "12000": "Water and environmental management", "12003": "Introductory Environmental Field Course", "12102": "Environmental Processes", "12104": "Modelling of Environmental Processes and Technologies", "12108": "Water Treatment: Biochemical Processes", "12109": "Physico-Chemical Water Treatment Technologies", "12110": "Wastewater Engineering: Treatment and Resource Recovery", "12111": "Environmental Processes for MSc students", "12121": "Water Supply", "12122": "Urban Drainage and Stormwater Management", "12124": "Urban Flood Risk Modelling", "12130": "Solid Waste Technology and Management", "12132": "LCA Modelling of Waste Management Systems", "12134": "Environmental Microbiology", "12135": "Waste management at Roskilde Festival", "12136": "Bioenergy Technologies", "12138": "Environmental Microbiology II", "12139": "Resource Engineering", "12140": "Integrated Urban Water Quality Management", "12142": "Industrial Ecology", "12143": "Bioresources", "12145": "Terrestrial Ecology", "12202": "Environment and Sustainability", "12203": "Environmental project work", "12205": "Climate change \u2013 impacts, mitigation and adaptation", "12210": "Environmental Engineering in low- and middle-income countries", "12227": "Regional and global air pollution effects", "12228": "Urban air pollution", "12231": "Applied Analytical Environmental Chemistry", "12233": "Surface Water Quality", "12237": "Chemicals in the environment", "12238": "Priority Organic Pollutants - Transport, Distribution and Transformation", "12240": "Environmental Management and Ethics", "12320": "Hydrology", "12326": "Field Course in Applied Geophysics", "12330": "Contaminated Sites", "12331": "Field investigations of contaminated sites", "12333": "Water Resources Management", "12336": "Groundwater Quality", "12342": "Data Driven Hydrological Modeling", "12701": "Introduction to Living systems", "12813": "Special studies in environmental engineering", "12902": "Life Cycle Assessment Modelling of Solid Waste Systems", "12909": "Life cycle assessment of bioenergy technologies and energy systems", "12911": "Introduction to good science in environmental engineering", "12919": "Introduction to Urban Water Technology", "12920": "Introduction to Urban Water Technology", "12925": "Principles of Programming and implementation (PoPI)", "12933": "Scientific Article Writing", "22000": "Acoustic Communication", "22001": "Acoustic signal processing", "22002": "Technical audiology and experimental hearing science", "22003": "Auditory signal processing and perception", "22004": "Music technology and music perception", "22005": "Advanced topics in hearing research", "22050": "Continuous time signals and linear systems", "22051": "Signals and linear systems in discrete time", "22052": "Applied signal processing", "22053": "Principles of brain computer interface", "22054": "Literature study in biomedical signal analysis", "22055": "Advanced signal processing with biomedical applications", "22056": "Personal portable health technologies", "22100": "R for Bio Data Science", "22104": "Health, Diseases and Technology", "22107": "Research Immersion, Life Science", "22110": "Python and Unix for Bioinformaticians", "22111": "Introduction to Bioinformatics", "22112": "High Performance Computing in Life Science", "22115": "Computational Molecular Evolution", "22117": "Protein structure and computational biology", "22125": "Algorithms in bioinformatics", "22126": "Next-Generation-Sequencing Analysis", "22136": "Metagenomics and Microbiome Analysis", "22140": "Introduction to Systems Biology", "22141": "Introduction to Systems Biology, evening module", "22142": "Introduction to Systems Biology, June version", "22145": "Immunological Bioinformatics", "22175": "Algorithms in bioinformatics, PhD", "22176": "Next-Generation-Sequencing Analysis", "22179": "Module 3: Value creation in pharma- and biotechnology", "22200": "Mucosal immunology", "22201": "Immune System Anatomy & Development", "22202": "Molecular diagnostics and precision medicine", "22203": "Conceive, Design, Implement, and Operate a Healthcare Product", "22204": "Immunology Journal Club", "22205": "Project in healthcare engineering, June", "22206": "Project in healthcare engineering, August", "22207": "Project in healthcare engineering, January", "22208": "Human Physiology", "22222": "Challenges in Clinical Sleep Research", "22230": "Development and production of vaccines", "22231": "Module 1: From idea to project plan in biotech and pharmaceutical research", "22232": "Drug delivery \u2013 using nano and microtechnologies", "22233": "Advances in Biomedical Microsystems", "22234": "Trends in Biomedical Microsystems", "22235": "Drug delivery", "22236": "Immunotherapy", "22281": "Biomaterials", "22282": "Advanced Topics in Biomaterials Science and Engineering", "22283": "Molecular thermodynamics, transport, and analytics", "22284": "Body barrier and organ modeling", "22400": "Design-build 4: Autonomous devices for controlling and studying living systems", "22403": "Micro and Nano Sensors", "22431": "Biomedical engineering 1", "22432": "Biomedical engineering 2", "22435": "Biomedical product development", "22446": "Engineering World Health Summer School in biomedical instrumentation", "22447": "BME Summer School in Instrumentation", "22451": "Physiological fluid mechanics", "22452": "Quantitative analysis in electrophysiology, pharmacokinetics, and tracer kinetics, BSc", "22453": "Quantitative analysis in electrophysiology, pharmacokinetics, and tracer kinetics, MSc", "22455": "Intermediate topics in physiological and pharmacological mass transport", "22466": "Cellular signalling", "22475": "Tissue and movement biomechanics DTU", "22481": "Introduction to medical imaging", "22485": "Medical imaging systems", "22486": "Literature study in medical ultrasound", "22487": "Advanced ultrasound research tools", "22506": "Medical magnetic resonance imaging", "22507": "Advanced magnetic resonance imaging", "22508": "Practical NMR spectroscopy: Making reactions in (bio)chemistry visible", "22510": "Biomedical prototyping", "22511": "Biomedical optics", "22512": "Optical biosensors", "22513": "Biophotonics", "22525": "Medical Image Analysis", "22530": "Computational radiation dosimetry", "22600": "Fabrication of micro- and nano structures", "22601": "Micro 1: Solid-state electronics & microtechnology", "22602": "Visualisation of micro and nano structures", "22620": "High-Tech entrepreneurship", "22649": "Microelectromechanical systems (MEMS)", "22650": "Nanolithography, June version", "22651": "Nanolithography, January version", "22652": "Experimental project in physics and nanotechnology", "22653": "Experimental project in physics and nanotechnology", "22654": "Experimental project in physics and nanotechnology", "22655": "Experimental project in physics and nanotechnology", "22656": "Experimental project in physics and nanotechnology", "22680": "Computer-based Introduction to Data Analysis for Physics, Nano-, and Health Technology", "22681": "Topics in Advanced Micro and Nanofabrication", "23101": "Introduction to food production chains", "23102": "Food safety in production chains", "23151": "Aquatic food primary production: Fishery and aquaculture", "23152": "Aquatic food processing and technology", "23154": "Safety and health effects of aquatic food", "23155": "Marine resources - research and innovation", "23205": "Fighting infectious diseases", "23206": "Positive microbiology and biotechnology  - application of microbes in food production", "23208": "Brewing 1", "23209": "Brewing 2", "23210": "Predictive food microbiology", "23211": "Producing new sustainable food ingredients- processes and utilizations", "23220": "Food microbiology", "23255": "The threat from antimicrobial resistance", "23256": "Epidemiology - an introduction", "23257": "Compositional data analysis with applications in genomics", "23258": "General medical microbiology", "23259": "Whole genome analysis in diagnostic microbiology", "23272": "Risk analysis in food safety", "23281": "Preclinical drug development", "23301": "Practical chemical food analysis", "23302": "Food chemistry", "23511": "Food production engineering basics", "23520": "Food process design", "23521": "Hygienic design in the food industry", "23522": "Rheology of food and biological materials", "23531": "Entrepreneurship in food and bio engineering", "23532": "Beer brewing and safe food production", "23534": "Entrepreneurship in food and bioengineering", "23552": "Development of innovative future food: Ecotrophelia and Blue Dot course", "23564": "Integrated product innovation in the food industry", "23662": "Introduction to molecular and reproductive toxicology", "23711": "Food technology", "23732": "Human nutrition", "23832": "Lipid Biochemistry, Technology, Applications and Analysis", "23837": "Introduction to scientific methodologies and philosophies used in food research", "23839": "Risk-benefit assessment of foods: methods for quantifying health effects", "23901": "Basic food analysis", "23902": "Introduction to food", "23921": "Risk analysis and modeling", "23924": "Interdisciplinary microbiology", "23932": "Biological chemistry", "23935": "Food chemistry and chemical analysis", "23951": "Applied statistical process control and quality management", "23962": "Food production, raw materials and hygiene", "23981": "Toxicology", "25102": "Oceanography", "25104": "An introduction to ocean science and technology", "25105": "Ecology", "25106": "Introduction to genetic methods in engineering", "25107": "Fisheries and aquaculture", "25201": "Introduction to Fisheries Engineering", "25202": "Fisheries Engineer I: Describe exploitation and management of fish", "25203": "Fisheries Engineer II: Comparison of exploitation and management of different fish and shellfish species", "25205": "Basic modelling and statistics in R", "25206": "Preparatory chemistry and physics", "25301": "Introduction to aquatic ecosystems, anthropogenic threats and sustainable solutions", "25302": "Physical oceanography", "25303": "Mathematical biology", "25307": "Fisheries ecology and asessment", "25310": "Biological oceanography", "25311": "Fisheries oceanography", "25312": "Fisheries systems \u2013 management and modelling", "25313": "Genetic methods in fisheries and aquatic biodiversity conservation", "25314": "Computational marine ecological modelling", "25315": "Genetic methods in aquaculture", "25316": "Recirculating aquaculture systems", "25317": "Diseases and veterinary aspects related to aquaculture", "25318": "Aquatic ecosystem management", "25320": "Recreational fishing; Biological impacts, management and human dimensions", "25321": "Fish nutrition and bioenergetics", "25322": "Advanced course in recirculating aquaculture systems: Design and application", "25323": "Topics in aquatic science and technology", "25324": "Aquatic field work", "25325": "Aquatic ecosystems and climate change", "25326": "Fish physiology in aquaculture", "25327": "Chemical oceanography", "25328": "Mathematical models in ecology", "25331": "Exercises in recirculating aquaculture systems", "25332": "Business Development and Innovation", "25333": "Aquatic Systems Engineering", "25334": "Genomic methods in breeding and management of aquatic living resources", "25616": "Fish capture technology", "25617": "Methods for implementation of surveillance procedures for listed fish diseases", "25618": "Histopathology in fish and crustacean diseases", "25801": "Aquatic science and living resources - research communication", "25803": "Study Group in Population Ecology and Genetics", "25805": "Ocean Life Meeting Series", "25807": "Study group in fisheries biology", "25808": "Journal club in aquatic animal health", "25809": "Journal club in presentation and deciphering of recent aquaculture studies", "26000": "General Chemistry", "26002": "Chemical Synthesis", "26003": "Chemical Synthesis", "26004": "Chemical Synthesis", "26006": "Inorganic Chemistry 1", "26008": "Exercises in Inorganic Chemistry", "26010": "Introductory Project in Chemistry", "26026": "Fundamental Chemistry", "26027": "Fundamental Chemistry", "26028": "Fundamental Chemistry in English", "26030": "Fundamental Chemistry for \"General Engineering\" students", "26050": "Introductory chemistry for life sciences", "26124": "Coordination Chemistry (Inorganic Chemistry 2)", "26125": "Chromatographic (HPLC) Purification of Biological Macromolecules", "26127": "Experimental Inorganic Chemistry", "26130": "Spectroscopic methods", "26134": "Advanced Inorganic Chemistry (Inorganic Chemistry 3)", "26171": "General Chemistry", "26173": "Inorganic Chemistry", "26174": "Laboratory course for food safety and quality", "26199": "Chemistry BootCamp", "26201": "Physical Chemistry 1", "26202": "Physical Chemistry for the Biological Sciences", "26222": "Physical Chemistry 2", "26225": "Applied Physical Chemistry from Molecular Perspectives", "26231": "Physical Chemistry 3", "26236": "Advanced Physical Chemistry", "26245": "Applied computational chemistry", "26250": "Composition and physical properties of polymer materials", "26254": "Functionality of macromolecules - from proteins to synthetic polymers", "26255": "Computermodelling in Chemistry", "26261": "Quantum Chemistry", "26263": "Molecular electronic structure methods", "26265": "Applications of X-ray and neutron scattering in biology, chemistry and physics", "26271": "Physical Chemistry", "26290": "Chemistry at the Nanoscale", "26299": "Physical Chemistry - repetition", "26301": "Laboratory Methodology", "26317": "Instrumental chemical analysis", "26325": "Protein structure determination", "26330": "Solid state chemistry", "26371": "Inorganic Qualitative Analysis (Laboratory Exercises)", "26374": "Applications of Analytical Chemistry in Inorganic and Physical Chemistry, laboratory course", "26400": "Organic Chemistry 1", "26407": "Practical Organic Chemistry", "26411": "Organic Chemistry 2", "26416": "Laboratory Course in Organic Synthesis", "26422": "Biomolecular Chemistry", "26426": "Introduction to Medicinal Chemistry", "26428": "Spectroscopy of Organic Compounds", "26432": "Advanced Biomolecular Chemistry", "26433": "Organic Chemistry 3", "26436": "Pharmaceutical Drug Development", "26438": "NMR Spectroscopy", "26444": "Organic Chemistry 4", "26446": "Advanced Medicinal Chemistry", "26455": "Physical Organic Chemistry and Reaction Mechanisms", "26471": "Organic Chemistry", "26474": "Organic and Inorganic Synthesis", "26499": "Organic Chemistry - repetition", "26510": "Catalysis and Sustainable Chemistry", "26610": "Chemistry and Innovation", "26701": "Research Immersion, DTU Chemistry, July", "26702": "Research Immersion, DTU Chemistry, August", "26920": "Advanced Organic Synthesis", "26925": "Stereoselective Organic Synthesis", "26932": "Presentation and Discussion of Research in Organic Chemistry", "26933": "Problems in the Organic Chemistry of Natural Products", "26944": "Advanced NMR spectroscopy", "26950": "Applied catalysis", "26960": "Green Chemistry and Technology", "26991": "Topics in Modern Polymer Chemistry and Physics", "27001": "Introduction to quantitative biology", "27002": "Life Science", "27005": "Introduction to molecular diagnostics", "27007": "Biotechnology and communication", "27008": "Life Science", "27015": "Introductory project in Biotechology / Human Life Science Engineering", "27016": "Design-Build 1: Devices for measuring cell growth", "27020": "Interdisciplinary bioengineering", "27022": "Biochemistry", "27023": "Experimental biochemistry", "27026": "Molecular biology", "27028": "Experimental molecular microbiology", "27034": "Fermentation technology", "27035": "Experimental fermentation technology", "27051": "Applied biodiversity", "27101": "Assay technology", "27102": "Assay Technology", "27106": "Research immersion, DTU Bioengineering", "27220": "Advanced prokaryotic biotechnology", "27230": "Prokaryotic cell biology", "27246": "Applied enzyme technology and kinetics", "27247": "Experimental enzyme technology", "27250": "Molecular host-pathogen interactions", "27255": "Advanced experimental prokaryotic molecular biology and ecology", "27303": "Techniques in protein characterization (TIPC)", "27322": "Immunology", "27405": "Cell factories: Design, engineering and analysis", "27419": "Filamentous Fungi: Biology and applications", "27422": "Biosynthesis of natural products", "27423": "Metabolomics and proteomics", "27430": "Eukaryotic cell biology", "27432": "Experimental molecular biology of eukaryotes", "27455": "Microbial adaptation to industrial processes", "27460": "Synthetic biology", "27461": "Mycotechnology", "27510": "Biosensors and bioanalysis", "27641": "Systems Biology", "27691": "Module 2: Pilot project in Pharmaceutical Design and Engineering", "27692": "Module 2: Pilot project in Pharmaceutical Design and Engineering (3 weeks)", "27800": "PhD introductory course", "27801": "Supervision and grading", "27815": "Analytical microbial natural product chemistry and biosynthesis", "27820": "Microbial biofilm techniques", "27823": "Industrial Mycology", "27830": "Topics in advanced lab-on-a-chip systems", "28001": "Introduction to chemistry and chemical engineering", "28012": "Chemical and Biochemical Process Engineering", "28016": "Mathematical models for chemical and biochemical systems", "28020": "Introduction to Chemical and Biochemical Engineering", "28022": "Unit Operations of Chemical Engineering and Biotechnology", "28025": "Bio Process Technology", "28121": "Chemical Unit Operations Laboratory", "28123": "Large Scale Exercises in Process Technology and Chemical Unit Operations  - 4 weeks Summer University for International students", "28125": "Chemical Unit Operations Laboratory", "28140": "Introduction to Chemical Reaction Engineering", "28150": "Introduction to Process Control", "28157": "Process Design", "28160": "Mathematical models in chemical engineering", "28212": "Polymer Chemistry", "28213": "Polymer Technology", "28214": "Polymer synthesis and characterization", "28216": "Coatings Science and Technology", "28221": "Chemical Engineering Thermodynamics", "28231": "Laboratory in Chemical and Biochemical Engineering", "28233": "Recovery and purification of biological products", "28242": "Chemical Kinetics and Catalysis", "28244": "Combustion and High Temperature Processes", "28271": "Thermal gasification and sustainability", "28310": "Chemical and Biochemical Product Design", "28315": "Applied Colloid and Surface Chemistry", "28316": "Laboratory Course in Colloid and Surface Chemistry", "28322": "Chemical Engineering Thermodynamics", "28342": "Chemical Reaction Engineering", "28344": "Biotechnology and process design", "28345": "Industrial BioReaction Engineering", "28346": "Advanced fermentation technology practicum", "28350": "Process Design: Principles and Methods", "28352": "Chemical Process Control", "28361": "Chemical engineering model analysis", "28415": "Oil and gas production", "28420": "Separation Processes", "28423": "Phase Equilibria for non-ideal mixtures", "28434": "Membrane Technology", "28443": "Industrial Reaction Engineering", "28451": "Optimising Plantwide Control", "28480": "Biobusiness and Process Innovation", "28515": "Enhanced Oil Recovery", "28530": "Transport Processes", "28535": "Rheology of complex fluids (light)", "28811": "Polymers in processes and products", "28831": "Computational Fluid Dynamics in Chemical Engineering", "28845": "Chemical Reaction Engineering Laboratory", "28850": "Pharmaceutical Process Development", "28852": "Risk Assessment in Chemical and Biochemical Industry", "28855": "Good Manufacturing Practice (GMP) and quality in pharma, biotech and food industry", "28864": "Introduction to Matlab programming", "28870": "Energy and Sustainability", "28871": "Production of Biofuels", "28872": "Biorefinery", "28885": "Technology and Economy in Oil and Gas Production", "28891": "Research Immersion, DTU Chemical Engineering, July", "28892": "Research Immersion, DTU Chemical Engineering, August", "28904": "Polymer Physics", "28905": "Advanced Topics in Process Systems Engineering", "28908": "Rheology of complex fluids (heavy)", "28909": "Thermodynamic Models, Fundamentals and Computational Aspects", "28917": "Statistical Thermodynamics for Chemical Engineering", "28923": "Uncertainty and Sensitivity Analysis of Numerical Models", "28927": "Advanced Topics in Process Technology", "28928": "Electrolyte Solution Thermodynamics", "28930": "Advances in Chemical and Biochemical Engineering", "28932": "Process Engineering Laboratory", "29900": "Bioengineering and Critical Thinking", "29903": "PhD Seminars in Bioengineering and Synthetic Biology", "30010": "Programming Project", "30020": "Electronic Measurements and Instrumentation", "30021": "Digital Instrumentation", "30032": "Electrotechnics", "30081": "Digital Technique", "30082": "Project work in Digital design", "30100": "Engineering Practices - Earth and Space Physics and Engineering", "30110": "Introductory project -  Earth and Space Physics and Engineering", "30120": "Astrophysics", "30131": "Geo- and Planetary Physics I", "30141": "Geo- and Planetary Physics II", "30150": "Mathematical and Numerical Methods in solid Earth Physics", "30160": "Continuous and Discrete Time Signals", "30201": "Measurement Technologies in Earth and Space Physics", "30220": "Synthesis in Earth and Space Physics", "30230": "Data Analysis and Modeling in Geoscience and Astrophysics", "30300": "Introduction to Spacecraft Systems and Design", "30320": "Spacecraft Instrumentation Systems", "30330": "Image Analysis with Microcomputer", "30340": "Radar and Radiometer Systems", "30350": "Remote Sensing", "30352": "Measuring ground motion with space-borne Synthetic Aperture Radar (SAR)", "30510": "GPS, GIS and Setting out", "30530": "Geographic Information Systems", "30532": "Introduction to digital mapping and GIS", "30540": "Mapping from Aerial and Satellite Images", "30545": "Analysis of spatial and temporal data within geoscience", "30550": "Satellite Based Positioning", "30560": "Physical Geodesy", "30720": "Space Physics - Physics of the space environment", "30730": "Space weather forecast and effects", "30740": "Geomagnetism", "30742": "Geomagnetism", "30750": "Earth System Science", "30752": "Cryosphere physics and observation", "30754": "Climate change - physics and observations", "30760": "Inverse Problems in Earth and Space Physics", "30786": "Scientific Instrumentation for X- and Gamma-Ray Astronomy", "30790": "Observational X-ray Astrophysics", "30794": "Astrophysical Data Analysis", "30911": "Journal Club in Geophysics, Astrophysics and Space Physics", "30930": "Hands-on X-ray astronomy data analysis", "31001": "Electric circuits 1", "31003": "Electric circuits 2", "31011": "Engineering practices - Electrotechnology", "31012": "Engineering practices 2 - Electrotechnology", "31015": "Introductory project - Electrotechnology", "31035": "Engineering electromagnetics", "31036": "Electrical Energy Systems", "31039": "Power electronics in energy systems", "31070": "Hands-on microcontroller programming", "31200": "Fundamentals of acoustics and noise control", "31220": "Electroacoustic transducers and systems", "31221": "Nonlinear transducers", "31240": "Architectural acoustics", "31241": "Building acoustics", "31245": "Acoustic conditions at the Roskilde Festival", "31250": "Environmental acoustics", "31260": "Advanced acoustics", "31265": "Numerical acoustics", "31270": "Structure-borne sound", "31280": "Research topics in acoustic technology", "31300": "Linear control design 1", "31301": "Linear Control Design 1", "31302": "Linear control design 1", "31310": "Linear control design 2", "31320": "Robust and fault-tolerant control", "31321": "Topics in advanced control", "31324": "Advanced topics in diagnosis, fault-tolerant control and machine learning for diagnosis", "31340": "Digital Control", "31342": "Introduction to programmable logic controllers", "31343": "Introduction to programmable logic controllers", "31351": "Basic power electronics", "31352": "Switch-mode power Supply 1", "31353": "Switch-Mode power supply 2. Laboratory course", "31354": "Circuit technology and EMC", "31357": "Journal Club in Power Electronics and IC design", "31372": "Modelling for operation of complex industrial plants", "31373": "Automation, components and systems", "31375": "Playware technology - programming app control of playful embedded system", "31383": "Robotics", "31385": "Autonomous robot systems", "31386": "Building dependable robot systems", "31388": "Advanced autonomous robots", "31389": "Advanced topics in robotics and autonomous systems", "31390": "Unmanned autonomous systems", "31391": "Software Frameworks for Autonomous Systems", "31392": "Perception for autonomous systems", "31400": "Electromagnetics", "31405": "Wireless communications", "31415": "RF communication circuits", "31417": "Antenna and microwave techniques", "31418": "Applied microwave techniques", "31420": "Advanced microwave techniques", "31428": "Advanced electromagnetics", "31430": "Advanced antenna techniques", "31435": "Antenna measurements in radio anechoic chambers", "31445": "Signal integrity in high-speed electronics", "31470": "Advanced microwave integrated devices and circuits", "31631": "Integrated analog electronics 1", "31632": "Integrated analog electronics 2", "31633": "Design and layout of integrated CMOS circuits", "31710": "General electrical engineering", "31711": "Digital energy societies", "31713": "Design project: Energy conversion and storage", "31721": "Disruptive energy technologies: solutions for buildings, renewables, energy storage and electrified transportation", "31725": "Coordinated operation of distributed energy systems", "31728": "Hybrid and embedded control in energy systems", "31730": "Electric power engineering, fundamentals", "31735": "Electrical energy systems", "31742": "Power grid analysis", "31745": "Real-Time Digital Simulation and Test of Power System", "31750": "Stability and control in electric power systems", "31756": "High power electronics", "31761": "Renewables in electricity markets", "31762": "Energy markets and digitization", "31765": "Optimization in modern power systems", "31770": "High voltage engineering", "31773": "Transients in power systems", "31776": "Energy technologies - from idea to realisation", "31778": "Distributed energy technologies modelling and control", "31782": "Electrical machines", "31783": "Integration of wind power in the power system", "31786": "Wind Turbine Electrical Design", "31789": "eMobility, components and design (as a part of BlueDot EVenture)", "31790": "eMobility, testing and optimization  (as a part of BlueDot EVenture)", "31792": "Advanced Optimization and Game Theory for Energy Systems", "31795": "Journal club in electric power and energy", "31905": "Synthesis in electrotechnology", "31906": "Synthesis in electrotechnology", "31907": "Synthesis in electrotechnology", "31908": "Synthesis in electrotechnology", "31910": "Synthesis in electrotechnology", "33651": "Methods in micro and nano fabrication", "34019": "Physics project (Physics and nanotechnology)", "34020": "Optics and photonics", "34021": "Introduction to optics and photonics", "34022": "Introduction in Metamaterials", "34029": "Physics project", "34031": "Applied mathematics for physicists", "34032": "Optical properties of solids", "34034": "Lasers and photonic systems", "34038": "Optical design and modelling", "34041": "Waveguide optics", "34042": "Quantum photonic communication", "34046": "Experimental methods in photonics", "34051": "Nanophotonics", "34052": "Nonlinear optics", "34053": "Numerical methods in photonics", "34054": "Practical wave-guide optics", "34055": "Fabrication of nanophotonic devices", "34059": "Advanced modeling and simulation for photonics", "34069": "Light transport theory and simulation methods", "34091": "Advanced photonic devices journal club", "34092": "Nano-optics", "34094": "Quantum Information Journal Club", "34095": "Advanced topics in photonic nanophysics", "34120": "Electromagnetism for communication", "34121": "Introduction to Fibre Optic Communications", "34126": "Experimental course in optical communication", "34127": "Experimental optics and photonics", "34129": "Experimental course in optical communication", "34130": "Introduction to optical communication", "34153": "Physical concepts in optical communication", "34156": "Advanced Optical Communication Systems", "34190": "Digital Optical Communication Receivers", "34192": "Optical Communications Journal Club", "34193": "Advanced Concepts in Photovoltaics", "34210": "Introduction to digital communication", "34220": "Coding in communication systems", "34229": "Project Work \u2013 Bachelor in Networks Technology and IT", "34230": "Digital communication", "34240": "Data compression and image communication", "34241": "Digital video technology", "34249": "Synthesis project for telecommunication", "34250": "Advanced image and video coding", "34251": "Convolutional codes and iterative decoding methods", "34269": "Computational imaging and spectroscopy", "34290": "Information Theory", "34302": "Engineering practices", "34312": "Introduction to networks for telecommunication and data communication", "34313": "Introduction to data communication networks", "34315": "Internet of things \u2013 application and infrastructure implementation", "34318": "Programming projects in network technology and IT", "34322": "Communication Network for Control and Data Acquisition", "34330": "Introduction to mobile communication", "34338": "Telecommunication programming projects with Arduino", "34339": "Experimental mobile communication", "34341": "Principles in data communication", "34343": "Mobile backhaul networks", "34345": "Signalling systems and technology for railways", "34346": "Networking technologies and application development for Internet of Things (IoT)", "34347": "Modelling and simulation of communication networks and protocols", "34348": "Teletraffic engineering: Queuing theory in practice", "34349": "FPGA design for communication systems", "34351": "Access- and home networks", "34352": "Advanced protocols", "34355": "Routing in data networks", "34357": "Telecommunication services", "34359": "SDN: software-defined networking", "34360": "Practices of network simulation and evaluation", "34361": "Optical networks", "34362": "Advanced topics in mobile communications", "34363": "Mobile communications journal club", "34364": "Sustainable communication systems", "34365": "IoT Prototyping", "34366": "Intelligent systems", "34367": "Project in Intelligent Systems", "34368": "Core and transport networks", "34369": "Project work in core and transport networks", "34370": "Cloud Networking", "34390": "Telecommunication Networks of the Future - Performance & Evaluation", "34393": "Ph.D. Course in Design of Mobile Backhaul Networks", "34430": "Introduction to biophotonics", "34440": "Novel optical fibers in life sciences", "34451": "Nonlinear mathematical physics", "34492": "PhD Course in nonlinear Optics", "34495": "Optical terahertz technology", "34539": "Design, fabrication and characterization of optical planar waveguide components", "34540": "Light emitting diodes and photovoltaics for energy applications", "34541": "Entrepreneurship in photonics and communications", "34551": "Thin film photovoltaics", "34552": "Photovoltaic systems", "34553": "Applied photovoltaics", "34590": "Entrepreneurship in Technical Science", "34591": "Pitching High-Tech Projects", "34801": "Research immersion in telecommunication 1", "34802": "Research immersion in telecommunication 2", "34803": "Research immersion in telecommunication 3", "34804": "Research immersion in telecommunication 4", "34901": "Research immersion in photonics 1", "34902": "Research immersion in photonics 2", "34903": "Research Immersion in Photonics 3", "34904": "Research Immersion in Photonics 4", "38798": "Introduction to econometrics", "38799": "Patent Course", "41000": "Mechanical engineering practice", "41010": "User-oriented design", "41012": "Visual communication", "41015": "Mechanics and materials", "41020": "Product analysis and redesign", "41030": "Mechatronics engineering design", "41031": "Industrial design 1", "41035": "Dynamics and vibrations", "41045": "Thermodynamic Modelling", "41051": "Product life and environmental issues", "41061": "Arenas and Concepts", "41072": "Design for interaction", "41073": "Development and operation of product/service-systems", "41078": "Industrial design 2", "41083": "Technology platforms and architectures", "41084": "Biologically Inspired Design", "41102": "Hydrodynamics 1", "41106": "Marine structures 1", "41111": "Hydrodynamics 2", "41112": "Hydrodynamics - technical course", "41113": "Computer modelling for marine and coastal engineering", "41117": "Marine structures 2", "41126": "Fluvial and marine sediment transport", "41129": "Turbulent flows", "41202": "Principles of naval architecture and offshore engineering 1", "41203": "Structural mechanics", "41216": "Structural assessment of ships", "41221": "Ship propulsion and manoeuvring", "41222": "Wave loads on ships and offshore structures", "41224": "Linear wave dynamics", "41225": "Nonlinear wave dynamics", "41236": "Structural mechanics", "41237": "Dynamics of structures: theory and analysis", "41263": "Principles of naval architecture and offshore engineering 2", "41270": "Economic and environmental performance of ships", "41271": "Ship design", "41275": "Ship operations", "41280": "Maritime engineering at sea", "41312": "Basic fluid mechanics", "41315": "Applied CFD", "41316": "Advanced CFD", "41317": "Computational Fluid Dynamics", "41320": "Advanced fluid mechanics", "41321": "Complex flows", "41341": "Ecocar", "41342": "Ecocar", "41343": "Fuels and emissions from transportation", "41344": "Internal combustion engines - basic theory", "41346": "IC engines - experimental methods and data processing", "41391": "High Performance Computing: FORTRAN, OpenMP and MPI", "41392": "Journal club in fluid mechanics", "41401": "Fundamentals of engineering thermodynamics", "41402": "Simulation of themal energy systems", "41416": "Energy systems - analysis, design and optimization", "41420": "Refrigeration and Heat Pump Technology", "41421": "Advanced power plants", "41422": "Applied engineering thermodynamics", "41490": "Journal club in internal combustion engines", "41491": "Advanced engineering thermodynamics", "41501": "Strength of materials 1", "41502": "Strength of materials 2", "41511": "Machine elements - basics", "41512": "Power transmitting machine elements - design and optimization", "41514": "Dynamics of machinery", "41515": "Computational multibody dynamics", "41516": "Anisotropy and fibre composites", "41517": "Stiffened plates and sandwich composites", "41521": "Advanced vibration and stability analysis", "41524": "Tribology of machine elements", "41525": "FEM-Heavy (programming the finite element method)", "41526": "Fracture mechanics", "41527": "Plasticity and creep", "41533": "Dimensioning and strength 1", "41534": "Dimensioning and strength 2", "41560": "Mechanical vibrations", "41561": "Structural optimization", "41562": "Fluid power  - oil hydraulics", "41571": "Strength of Materials 1 (English version)", "41591": "Topology Optimization - Theory, Methods and Applications", "41603": "Engineering design and problem solving", "41612": "Product design and documentation", "41617": "Advanced CAD", "41618": "CAD for design engineers", "41628": "Conceptualisation", "41635": "Robust design of products and mechanisms", "41650": "Materials science", "41651": "Laboratory course in metallurgy", "41653": "Corrosion (theory and engineering)", "41655": "Advanced surface engineering", "41656": "Materials in advanced applications and products", "41658": "Methods for experimental materials characterization", "41659": "Materials science for mechanical engineers", "41660": "Practical surface engineering", "41661": "Metals technology", "41663": "Nanotribology and biotribology", "41664": "Physical metallurgy: phase transformations in metals and alloys", "41665": "Physical metallurgy: deformation and rekrystallisation", "41667": "Project course in materials engineering", "41668": "Computational Materials Science", "41680": "Introduction to cyber materials", "41681": "Materials science", "41682": "Corrosion and materials selection", "41683": "Materials science", "41684": "Materials technology", "41685": "Materials characterization and testing", "41690": "Electron Microscopy and Analysis for Materials Research", "41691": "Ph.D. course on application of x-ray diffraction in materials science", "41704": "Process technology", "41714": "Manufacturing technology and operations management", "41730": "Industrial forming of metals", "41731": "Geometrical metrology and machine testing", "41733": "Metallurgy, design and manufacturing of cast components", "41736": "Polymer processes", "41737": "Design of plastic products", "41739": "Experimental plastic and metal processing technology", "41742": "Introduction to micro mechanical systems design and manufacture", "41743": "Micro product design, development and production", "41744": "Precision manufacturing", "41747": "Modelling in materials and manufacturing engineering - heat transfer and diffusion", "41748": "Modelling in materials and manufacturing engineering - thermomechanics", "41781": "Production technology (fundamentals)", "41784": "Process technology", "41786": "Plastics technology", "41787": "Production technology", "41788": "Production technology", "41791": "Nanotribology: theory and applications", "41792": "Measurement uncertainty estimation using statistical methods", "41801": "Project work", "41809": "Applied FEM", "41810": "Experimental investigation of machine elements", "41811": "Experimental solid mechanics", "41812": "FEM-Light (applied finite element modelling)", "41813": "FEMVIB (FEM-based vibration analysis and acoustic interaction)", "41814": "Heat transfer", "41822": "Experimental fluid mechanics", "41843": "Project work on Vehicle dynamics", "41860": "Design of energy plants", "41888": "Research immersion, DTU mechanical engineering", "41889": "Research immersion, DTU mechanical engineering", "42002": "Modelling and Analysis of Sustainable Energy Systems using Operations Research", "42003": "Energy Economics", "42004": "Feasibility studies of energy projects", "42005": "Micro and macroeconomics", "42006": "National energy system modelling with TIMES", "42007": "Energy systems analysis and scenarios", "42008": "Introductory Econometrics", "42011": "Product usability and design", "42042": "Participatory Systems Design", "42062": "Arenas and Concepts", "42071": "Product development in an organizational context", "42081": "Staging co-creation and creativity", "42083": "Service and Work Systems Design", "42085": "Strategy, design and market", "42087": "Design Methods and Reflective Practice", "42090": "Holistic Design of Engineering Systems", "42101": "Introduction to Operations Research", "42104": "Introduction to Financial Engineering", "42105": "Financial Products", "42106": "Financial Risk Management", "42107": "Decision Support for Engineers", "42111": "Static and Dynamic Optimization", "42112": "Mathematical Programming Modelling", "42114": "Integer Programming", "42115": "Network Optimization", "42117": "Transport Optimization", "42123": "Optimization in Finance", "42136": "Large Scale Optimization using Decomposition", "42137": "Optimization using metaheuristics", "42142": "Recent Research Results in Management Science", "42171": "System Safety and Reliability Engineering", "42172": "Risk and decision-making", "42178": "Transport system analysis - demand and planning", "42180": "Quantitative modelling of behaviour", "42182": "Survey analysis and traffic safety", "42184": "Data Science for Mobility", "42185": "Planning and Modelling of Public Transport", "42186": "Model-based machine learning", "42187": "Transport System Analysis: Performance and Operations", "42188": "Simulation of cities", "42196": "The economics of cities", "42259": "Facilities Management", "42262": "Fundamentals of Climate Modelling", "42270": "Introduction to Urban Planning", "42274": "Sustainable Development Indicators and Sustainable Urban Development", "42275": "Sustainable Urban Development: a project oriented approach", "42281": "Climate Change Adaptation: Methods and tools", "42282": "Smart Cities", "42340": "Sustainability in engineering solutions", "42348": "Sustainable development of emerging technologies", "42349": "Sustainability challenges I, Systems thinking", "42350": "Sustainability challenges II, Specific systems and capstone project", "42351": "Sustainability in management", "42371": "Design of Lean Production and Service Systems", "42372": "Life Cycle Assessment of Products and Systems", "42373": "Human factors and Implementation management", "42375": "Advanced system modelling and life cycle inventory analysis", "42376": "Operations Management in Health Care and Service Systems", "42377": "Life Cycle Management in industry", "42378": "Health, environmental and life cycle impacts in different assessment frameworks", "42380": "Supply Chain Analytics", "42401": "Introduction to Management Science", "42406": "Introduction to Production", "42415": "Engineering Economy", "42417": "Simulation in Operations Management", "42421": "Management and Organization", "42429": "Project Management", "42430": "Project Management", "42433": "Advanced Engineering Project, Program and Portfolio Management", "42435": "Knowledge-based Entrepreneurship", "42436": "Commercialization of high tech concepts, entrepreneurship and science in action", "42438": "Business model design for growth entrepreneurship", "42439": "Market Opportunity Recognition for Technology", "42451": "Mass Customization - application of product configuration", "42452": "Complexity Management", "42459": "Planning and Scheduling in Manufacturing and Services", "42467": "Strategic differentiation", "42490": "Technology, management, organisation and Business models (TEMO)", "42530": "Strategy and Planning Methods", "42543": "Management of Change in Engineering Systems", "42554": "Social Entrepreneurship: Consulting Theory and Practice", "42575": "Technology and Innovation Management", "42576": "From Analytics to Action", "42577": "Introduction to Business Analytics", "42578": "Advanced Business Analytics", "42580": "Engineering work 1", "42583": "Engineering work 2", "42584": "Project work - Strategic Analysis and Systems Design", "42586": "Decisions under uncertainty", "42587": "Introduction to Operations and Supply Chain Management", "42610": "Theory of Science in Engineering", "42611": "Philosophy of science in engineering", "42613": "Philosophy of science in engineering", "42631": "Environmental Economics", "42634": "X-Tech Entrepreneurship", "42640": "Sociotechnical Design", "42702": "Research and PhD studies at DTU Management", "42712": "Introduction to Balmorel", "42717": "Renewable gas in the energy system", "42740": "Research Methods in Design and Engineering Management", "42750": "Sustainability evaluation and communication", "42785": "Academic Writing", "42786": "Journal Analysis", "42874": "Road traffic simulation", "42875": "Transport logistics and optimisation", "42879": "Decision Support and Strategic Assessment", "42880": "Railway Operations and Management", "42890": "Statistical analysis of mobility and transport", "42891": "Intelligent Transport Systems (ITS)", "42892": "Shipping and Port Logistics", "42922": "Management and Organization", "42941": "Public transport systems", "42942": "Modelling of public transport", "42973": "Planning and modelling of infrastructure", "42980": "GIS and mobility", "42988": "Road traffic simulation", "42992": "Transport logistics and optimisation", "42997": "Sustainable transport", "42B50": "Strategy", "42B51": "Marketing", "42B52": "Philosophy of Business", "42B53": "Innovation", "42B54": "Applied Economics", "42B55": "Business Problem Solving", "42B56": "Innovation", "42B61": "Financial Analytics & Management", "42B64": "Consultancy Project", "42B65": "Organizational Development and Change", "42B66": "Communication Skills", "42B67": "Organizational Development and Change", "42B68": "Consultancy Project", "42B70": "Service & Operations Management", "42B71": "International Business and Management", "42B73": "Management of Technology", "42B75": "Personal Leadership", "42B76": "Leadership", "42B77": "Operations & Supply Chain Management", "42B80": "Communication Management", "42B81": "Innovation Systems in Developing Countries", "42B82": "Sustainability Management", "42B83": "Business Mindset & Big Data", "42B84": "Artificial Intelligence", "42B85": "Servitization", "42B86": "Business Analytics", "42B87": "Service Innovation", "42B88": "Startup Boards", "42MMT": "Master Project", "46000": "Introduction to Wind Energy", "46100": "Introduction to Micrometeorology for Wind Energy", "46110": "Basic Aerodynamics", "46200": "Planning and Development of Wind Farms", "46211": "Offshore Wind Energy", "46230": "Power system balancing with large scale wind power", "46300": "Wind Turbine Technology and Aerodynamics", "46310": "Projects in Wind Turbine Aeroelasticity", "46320": "Loads, Aerodynamics and Control of Wind Turbines", "46400": "Wind Turbine Measurement Technique", "46411": "Design of large composite structures", "46415": "Structural analysis and design optimization of wind turbine blades", "46420": "Composite Materials and Fibres", "46430": "Experimental Material Characterization", "46440": "Manufacturing of Advanced Fiber Composites", "46500": "Probabilistic Methods in Wind Energy", "46600": "Aeroacoustics", "46610": "Design-Build for Wind Energy competitions", "46800": "Research Immersion - DTU Windenergy", "46901": "Scientific writing in Wind Energy", "46905": "Research in Wind Energy - challenges and methods", "46910": "Advanced Finite Element Simulations Using Abaqus", "46915": "Project planning for PhD Students at DTU Wind Energy", "46920": "PhD Summer School: Remote Sensing for Wind Energy", "46W11": "Wind Turbine Technology", "46W14": "Wind Resources", "46W17": "Materials for Wind Energy", "46W21": "Wind energy in society", "46W24": "Aerodynamics and Aeroelasticity", "46W27": "Grid connection and integration of wind power", "46W31": "Numerical Tools in Wind Energy", "46W34": "Offshore Wind Energy - Design of substructures", "46W37": "Measurement Techniques in Wind Energy", "47201": "Engineering thermodynamics", "47202": "Introduction to future energy", "47203": "Design-build 3: solar cooker", "47204": "Research immersion \u2013 Department of Energy Conversion and Storage", "47205": "Energy technologies", "47207": "Quantitative measurements on materials from 3D images", "47209": "3D imaging, analysis and modelling", "47301": "Hydrogen energy and fuel cells", "47302": "Hydrogen and fuel cell chemistry - experimental course", "47303": "Applied inorganic chemistry", "47304": "Ceramic science and engineering", "47305": "Electrochemistry", "47309": "Materials for hydrogen production and storage", "47310": "Battery materials and chemistries: from fundamental mechanisms to battery cells", "47311": "Analytical imaging of energy materials by electron micrsocopy", "47313": "Electrochemical devices for a cleaner society: NOx purification, fuel cells and batteries", "47316": "Advanced computational tools for energy materials", "47317": "Exergy analysis", "47318": "Advanced chemistry for non-chemists", "47319": "Functional materials", "47322": "Research immersion \u2013 Department of Energy Conversion and Storage", "47325": "Large-scale superconductor technologies", "47326": "Applied superconductor projects and experiments", "47328": "Experimental course in vibrational spectroscopy on functional materials", "47330": "Energy storage and conversion", "47332": "Autonomous materials discovery", "47507": "Ph.D. course in introduction to low-temperature fuel cells and electrolyser", "47508": "Ph.D. course in introduction to batteries", "47509": "Ph.D. course in introduction to SOFC and SOEC", "47511": "CINEMAX: 3D modelling and imaging of material microstructure - PhD summer school", "47513": "Ph.D. course in modern energy research", "47514": "Ph.D. course in advanced electrochemistry", "47516": "PhD course in computational modelling of materials for energy applications", "47517": "How to make a scientific poster", "47519": "PhD course in sustainable electro-fuels and -chemicals", "62000": "Managerial Economics", "62004": "Creativity and Innovation", "62008": "Product development - The stages and processes of product development", "62009": "Materials Science", "62012": "PI-project 1", "62014": "Green Entrepreneurship", "62018": "Design, Users and ethics", "62019": "Interaction Design", "62024": "PI Project 2 Prototype development", "62030": "From idea to checkout (3rd semester PI-project)", "62033": "Technology and Marketing", "62039": "Industrial Design", "62040": "PI Semester Project 4 Innovation in an organisational context", "62043": "Managing Innovation and Knowledge Management", "62046": "Physical Computing", "62049": "Service design and innovation", "62050": "Advanced Interaction Design", "62051": "Product development - tools and design strategies", "62052": "Advanced Interaction Design", "62054": "Entrepreneurship in Greenland", "62074": "Project Management - Tools and practical management", "62079": "Introduction to Operations Management", "62087": "Statics, thermodynamics and electrical engineering", "62088": "Understanding Production (project 1)", "62089": "Integrated production (project 2)", "62093": "Manufacturing technology", "62094": "Introduction to Managerial Economics and Capital Expenditures", "62096": "IT in production", "62101": "Operations Management and LEAN", "62103": "Managerial Economics and Basic Accounts Analysis", "62104": "Automation in Manufacturing", "62107": "Quality management and GMP", "62108": "Crossfunctional development of technology and manufacturing (Project 3)", "62110": "Company Systems", "62118": "Organisation and Leadership", "62119": "Scientific Theory and Manufacturing Engineering Methods", "62120": "Manufacturing and Business development (project no. 4)", "62130": "Commercial Law", "62132": "Project Management", "62133": "Supply Chain Management & Design", "62134": "Strategic Analysis and Development", "62135": "Quality Management", "62136": "Macroeconomics and Globalisation", "62138": "Improving Productivity", "62139": "Advanced Financial Management", "62145": "Documentation of products", "62146": "Mechanical Product Analysis", "62147": "Individual Project in Engineering", "62148": "Building robots and devices for industrial automation", "62158": "Basic Mathematics 1", "62159": "Basic Mathematics 2", "62160": "English 1 - US Civics and Academic Writing 1", "62163": "Basic mechanics", "62170": "English 2 - US Civics and Academic Writing 2", "62171": "Marketing Management", "62172": "French - Civics and Culture 1", "62174": "Managerial Economics 2", "62175": "Spanish - Civics and Culture 1", "62176": "German - Civics and Culture 1", "62180": "English 3 - UK Civics and Academic Writing 3", "62182": "French - Civics and Culture 2", "62185": "Spanish - Civics and Culture 2", "62186": "German - Civics and Culture 2", "62190": "English 4 - Challenges of Global Business and Geopolitical Economics", "62191": "Road traffic simulation", "62192": "French - Marketing", "62193": "International Marketing and Internet based IT-Systems", "62194": "Programming", "62195": "Spanish - Marketing", "62196": "German - Marketing", "62197": "International Marketing, International Economics and Computer Networking", "62199": "Road design and traffic safety", "62200": "Cross-Cultural Management and Marketing", "62202": "Life Cycle Assessment", "62204": "Manufacturing Technologies", "62212": "General business: introduction to marketing and international business", "62213": "Managerial economics and project management", "62214": "Globalization and cross-cultural marketing management", "62215": "International finance (business case), project leadership, and business law", "62216": "Project 3 - Integrated Product Development, project", "62218": "Basic Science", "62219": "Environmental science, chemistry and products", "62220": "Environmental assessment of products, Project 1", "62221": "Managerial Economics", "62223": "Managerial Economics 1", "62224": "English 1 - US Civics and Academic Writing 1", "62225": "English 2 - UK Civics and Academic Writing 2", "62226": "Managerial Economics", "62227": "Sustainable Business Development", "62228": "International Business", "62229": "IT Business", "62230": "International Business and digital services", "62238": "Business Innovation", "62239": "Sustainable Business Development", "62240": "English 5 - Proficient Business Communication", "62241": "Project 3 - Integrated Innovation, project", "62242": "French - in an international context", "62246": "German - in an International Context", "62247": "Spanish - in an international context", "62259": "Mechanics and analysis of structures 2", "62261": "HVAC", "62263": "Concrete Structures", "62265": "Traffic and roads in urban areas", "62267": "SMART Energy Supply", "62268": "Soil and Groundwater Pollution", "62269": "Building and Infrastructure  Project 1", "62270": "Organization and Construction Management", "62271": "Building Energy & heating systems", "62273": "Steel Structures, Design and Execusion", "62276": "Road and railway design", "62277": "Water and climate adaption", "62279": "Building and Infrastructure Project 2", "62280": "Natural drainage and water supply", "62281": "Building renewal with focus on energy and mechanical installations", "62282": "Building renewal with focus on structures", "62297": "Timber Structures and execution", "62298": "Timber Structures", "62317": "Water and road project", "62318": "Building Construction", "62327": "Building Design Project", "62328": "Civil Infrastructure Engineering", "62362": "Multi Storey Buildings of Concrete", "62365": "Construction Pits", "62366": "Road construction and rainwater management", "62367": "Building Information Modeling - Application for building permit", "62368": "Virtual Design & Construction - Construction Bidding", "62369": "Advanced mechanical installations", "62377": "Building Information Modeling - Planning Permission & Procurement", "62378": "Virtual Design & Construction - Construction Project Management", "62381": "Traffic and Transport Planning", "62383": "Construction Pits and Port Construction", "62389": "Climate adaption and cloud burst for Run off Water", "62407": "Internet of Things - Theory and Practice", "62408": "Smart Devices and Internet of Things - Project", "62410": "CDIO-Project", "62413": "Advanced object oriented programming using C# and .NET", "62414": "Cryptographic Algorithms", "62415": "Mobile Application Development", "62416": "Advanced Mobile Application Development", "62417": "Mobile Application Development with Swift", "62418": "Processing of Biomedical Signals", "62419": "System and Network Security - Project", "62420": "Information technology 1", "62422": "Bio-medical electronics 1", "62423": "Semester project 1 Healthcare technology", "62426": "Cyber defence and legal aspects", "62427": "Network Defense and attack handling", "62428": "Secure implementation of systems", "62429": "Data visualization and analysis - tools and methods.", "62437": "Advanced Mobile Application Development  w./ project", "62438": "3D-application development on mobile devices", "62443": "Data Communication", "62444": "Data visualization and analysis - project", "62445": "Advanced Internet Technology", "62450": "Information technology 2", "62452": "Bio-medical electronics 2", "62453": "Semester Project 2 Healthcare technology", "62454": "Healthcare Science 2", "62474": "Database Design and Technology", "62484": "Semester project 3 Healthcare technology", "62501": "Linux Server and Network", "62505": "Introduction to embedded systems", "62506": "Digital electronics and discrete mathematics", "62507": "Hardware-oriented programming (in C)", "62512": "Telemedicine 1", "62514": "Object-oriented programming", "62517": "Medical Imaging Systems", "62518": "Applied medical  statistics", "62521": "Design-build project", "62523": "Healthcare Science 1", "62524": "Signal analysis", "62527": "Big Data", "62530": "Network Security", "62547": "Embedded C/C++ Smart Applications", "62550": "User experience and mobile application development", "62560": "Standards, Safety and  Quality in the Healthcare System", "62573": "Programming intelligent vehicles and Mobile Applications", "62574": "Standards, Safety and  Quality in the Healthcare System", "62575": "Security in Embedded Systems", "62577": "Data Communication", "62581": "IT and Computer Communication", "62583": "Programmering af embedded wireless systems and sensors", "62587": "Network Security", "62588": "Operating systems", "62589": "Business Intelligence", "62596": "Distributed Systems", "62597": "Backend development, operations and distributed Systems", "62598": "Artificial intelligence in computer games", "62602": "Thermodynamics for elektroingenier", "62603": "Thermodynamics with project", "62606": "Applied discrete control of mechanical, fluid and thermal plants", "62607": "Applied industrial robotics", "62608": "Mechanical systems and used multivariable control", "62614": "Advanced Engineering Dynamics", "62618": "Economics for engineers", "62619": "Transport systems - Rail, Road, and Air", "62620": "Sustainable Management of Materials", "62621": "Design and development of public transport", "62622": "Railway Technology and Operations: from initial idea to operating railway", "62623": "Sustainability, mobility, and society", "62625": "Industry 4.0 - Product measurement and visualization", "62626": "Computer Aided Design CAD2", "62629": "Heat and Mass Transfer", "62635": "Design of piping and pumps", "62643": "Mechanical Vibrations", "62646": "Modeling and Programming", "62657": "Fluid Mechanics", "62662": "Industrial Design", "62665": "Plastic design", "62668": "Statistics. A first course.", "62675": "Mechanics", "62683": "Mechanical Engineering Design", "62692": "Advanced Manufacturing", "62694": "Dynamics", "62698": "Materials and manufacturing", "62699": "Product Development", "62700": "Protection of electrical power systems", "62703": "Planning of power installations", "62704": "Electric machines", "62708": "High voltage", "62711": "Digital systems, design of", "62714": "Control Theory for Electrical Engineers", "62716": "Digital Control Systems", "62726": "International Innovation Project in cooperation with students from foreign universities", "62732": "Analogue electronics", "62733": "Project Work in Electrotechnics", "62734": "Data technique and programming", "62735": "Advanced Mathematics for diploma Electro Technology", "62737": "Analogue design", "62739": "Electromagnetic sensors and digital signal processing", "62743": "Digital Signal Processing", "62748": "General- and Electrochemistry", "62751": "Digital electronics + PLC", "62752": "Measurement and control using microprocessors", "62755": "Power Electronics", "62760": "Power Engineering 1", "62761": "Power Engineering 2", "62762": "Electric Power Technology", "62763": "Electrotechnique 1", "62764": "Electrotechnique 2", "62765": "Renewable Energy in the Electric Power System", "62766": "Operation of electrical energy systems", "62770": "Applied electrical engineering for M", "62771": "Applied electrical engineering", "62773": "Electrophysics 1", "62774": "Electrophysics 2", "62780": "Electric Energy Project", "62782": "Applied circuit technique", "62783": "Project 3. sem", "62784": "Design/build project for electrical production, supply and maintanance", "62796": "Numerical analysis for applied engineering", "62799": "Geometric Operations in Plane and Space", "62800": "Introduction to mechatronics and robotics systems", "62904": "Applied Control Engineering", "62908": "Technology in interaction with humans", "62990": "Innovation Pilot (summer edition)", "62999": "Innovation Pilot", "62B01": "Financial Management", "62B02": "Strategy, Organization and Management", "62B03": "Strategic Marketing", "62B20": "Lean Management - Methodologies and Tools", "62B24": "Lean Management", "62B29": "Lean Consultant", "62B31": "Innovation and Product Development", "62B39": "Business Law", "62B90": "Final Thesis - EBA", "62C02": "Operations Management", "62C05": "Quality Management", "62C06": "Supply Chain Management", "62C09": "Supply Chain Management", "62C19": "Technology, Products and Markets", "62C20": "Supply Chain IT and technology", "62C90": "Final Thesis - Diploma of Operations and Supply Chain Management", "62E01": "Occupational Health and Safety Management", "62E02": "Management of Energy and Environment", "62E90": "Final Thesis - Diploma of Energy and Environment", "62I01": "Personal leadership and change", "62I02": "Management of people and professionel development", "62I03": "Organisation, development and co-creation", "62I04": "Change Management", "62I05": "Management and coaching", "62I06": "Management and law", "62I07": "Strategic Management", "62I08": "Knowledge and innovation management", "62I09": "Financial Management", "62I10": "Management and Sustainability", "62I90": "Final Thesis - IBA", "62L01": "Personal leadership and change", "62L02": "Management of people and professionel development", "62L03": "Organisation, development and co-creation", "62L04": "Personal leadership and change", "62L05": "Management of people and professionel development", "62L06": "Organisation, development and co-creation", "62L07": "Management and Sustainability", "62L08": "Professionel Management", "62L09": "Management of Implementation", "62L10": "Management and Sustainability", "62L11": "Professionel Management", "62L12": "Management of Implementation", "62L13": "Change Management", "62L14": "Communication and Organization", "62L15": "Strategic Management", "62L25": "Financial Management", "62L26": "Knowledge and innovation management", "62L29": "Strategic Management", "62L32": "Change Management", "62L33": "Change Management", "62L36": "Leadership and Management in Politically Controlled Organizations", "62L40": "Communication and Organization", "62L47": "Team management", "62L51": "Management Communication - Operational Leadership 1", "62L52": "Professional Leadership - Operational Leadership 2", "62L53": "The Professional Relation - Strategic Human Management 1", "62L54": "Learning and Qualification -  Strategic Human Management 2", "62L55": "Processing Organization - Management and Organization 1", "62L56": "Organization, Management and Strategy - Management and Organization 2", "62L61": "Management Communication - Operational Leadership 1", "62L62": "Professional Leadership - Operational Leadership 2", "62L63": "The Professional Relation - Strategic Human Management 1", "62L64": "Learning and Qualification -  Strategic Human Management 2", "62L65": "Processing Organization - Management and Organization 1", "62L66": "Organization, Management and Strategy - Management and Organization 2", "62L67": "Management of digital transformation", "62L68": "Management of digital transformation", "62L79": "Leadership in relational complexity", "62L84": "Management and coaching", "62L90": "Final Thesis", "62L91": "Final Thesis", "62P01": "Communication and Team Relations", "62P02": "Communication and Team Relations", "62P03": "Project Management - Methodologies and Tools", "62P04": "Project Management - Methodologies and Tools", "62P07": "Project Strategy and Organization", "62P08": "Project Strategy and Organization", "62P36": "Agile projects", "62P37": "Agile projects", "62P90": "Final Thesis - Diploma of Project Management", "62P91": "Final Thesis - Diploma of Project Management", "62S02": "Ingen engelsk titel", "62S90": "Final Thesis - Diploma of Technology in Power Engineering", "62T01": "Basic Object Oriented Programming", "62T04": "Web Technologies", "62T25": "Advanced Object Oriented Programming", "62T26": "Development Methods and Development Processes", "62T30": "Network Security", "62T33": "Big Data", "62T34": "IT Project Management", "62T37": "Cyber defence and legal aspects", "62T38": "Secure implementation of systems", "62T39": "Network Defence and attack handling", "62T40": "Internet of Things - Theory and practice", "62T90": "Final Thesis", "88383": "Academic Information Retrieval", "88700": "Industrial Reaction Engineering", "88701": "Transport Processes", "88703": "Laboratory Experiments", "88704": "Progress in Research", "88705": "Process Design - Principles & Methods", "88706": "Technology Economics Mangement and Organization (TEMO)", "88708": "Green Chemical Engineering", "88709": "Fluidization and Multiphase Flow", "88710": "Combustion and High Temperature Processes", "88711": "Industrial BioReaction Engineering", "88713": "SDC Green Challenge", "88714": "SDC Summer School in Unit Operations", "88715": "Bioerefinery", "88716": "Coatings Science and Technology", "KU002": "Human Biology", "KU003": "Human Diseases for Non-Clinicians", "KU004": "Clinical methods in diagnosis and treatment", "KU005": "Modelling of physiological systems", "KU006": "Introduction to clinical practise in Hospitals", "KU010": "Biomechanics of the Locomotor System", "KU011": "Cell and Tissue Biology", "KU012": "Medical Science and Technology Studies", "KU015": "Fundamental Pharmacology and Bioavailability of Drugs", "KU030": "Bioinformatics", "KU101": "Pathophysiology", "KU103": "Tissue and Movement Biomechanics (KU)", "KU105": "Advanced Physiological Modelling", "KU111": "Molecular pathology", "KU113": "Laboratory Animal Science Function ABD", "KU115": "Pharmacometrics", "KU141": "Rethinking Healthcare/Innovation as a powerful driver", "KU180": "Medical Use of Radiation", "KU181": "Radioactive Isotopes and Ionizing Radiation"}}